"id","site","job_url","job_url_direct","title","company","location","date_posted","job_type","salary_source","interval","min_amount","max_amount","currency","is_remote","job_level","job_function","listing_type","emails","description","company_industry","company_url","company_logo","company_url_direct","company_addresses","company_num_employees","company_revenue","company_description"
"in-691d12869e4cabbf","indeed","https://www.indeed.com/viewjob?jk=691d12869e4cabbf","https://gaig.wd1.myworkdayjobs.com/GAIG_External/job/Cincinnati-OH-USA/DevOps-Developer-Intern---IT-Services_R6779","DevOps Developer Intern - IT Services","Great American Insurance Group","Cincinnati, OH, US","2024-11-25","parttime","direct_data","yearly",40678.0,51507.0,"USD",False,"","","","","**Be Here. Be Great.** Working for a leader in the insurance industry means opportunity for you. Great American Insurance Group's member companies are subsidiaries of American Financial Group. We combine a ""small company"" culture where your ideas will be heard with ""big company"" expertise to help you succeed. With over 30 specialty and property and casualty operations, there are always opportunities here to learn and grow.


At Great American, we value diversity and recognize the benefits gained when people from different cultures, backgrounds and experiences work collaboratively to achieve business results. We are intentionally focused on fostering an inclusive culture and know valuing diversity is an essential leadership quality. Our goal is to create a workplace where all employees feel included, empowered and enabled to perform at their best.


The Great American Software Lab within P\\&C IT Services is seeking a DevOps Developer intern to join the team for the summer 2025\\.


Job Description:

* Portal and Surveyor products which help with our developer experience, code quality and technical debt.
* Tech stack: Python, scripting, java, kotlin.
* Ability to dive into a large polyglot codebase and contribute as you learn.
* Being okay with the uncomfortable feeling that comes from learning new things.
* Interest in exploring new programming paradigms, languages, and patterns.
* Demonstrable ability to research problems and break them into discrete parts.
* Have empathy with your pair and freely exchange feedback on a continual basis.

**Qualifications:**

* Java and python experience required.
* Computer Science or Engineering major.
* Junior or Senior status \\- graduating in 2026 or 2027\\.

**Business Unit:**


Property \\& Casualty IT Services**Benefits:**

Compensation varies by role, position level, and location. Individual pay is influenced by skills, education, training, certifications, experience, and the role's scope and complexity, along with business needs.

  

We offer a competitive Total Rewards package, including medical, dental, and vision plans starting on day one, PTO, paid holidays, commuter benefits, an employee stock purchase plan, education reimbursement, paid parental leave/adoption assistance, and a 401(k) plan with company match. These benefits are available to eligible full\\-time and part\\-time employees.

  

Your recruiter can provide more details about our total rewards and specific compensation ranges during the hiring process.","","https://www.indeed.com/cmp/Great-American-Insurance-Group","https://d2q79iu7y748jz.cloudfront.net/s/_squarelogo/256x256/a7a7c6fa7ad81b176ab2cff5dfac37a8","http://www.greatamericaninsurance.com","Cincinnati, OH","5,001 to 10,000","$1B to $5B (USD)","Great American Insurance Group helps businesses secure a healthy financial future. Through our Property & Casualty Group, we insure specialty business from long-haul trucking companies to millions"
"in-43c142dd8fd3bd8d","indeed","https://www.indeed.com/viewjob?jk=43c142dd8fd3bd8d","https://gaig.wd1.myworkdayjobs.com/GAIG_External/job/Cincinnati-OH-USA/Extreme-Programming-Intern---IT-Services_R6778","Extreme Programming Intern - IT Services","Great American Insurance Group","Cincinnati, OH, US","2024-11-25","parttime","direct_data","yearly",36508.0,46228.0,"USD",False,"","","","","**Be Here. Be Great.** Working for a leader in the insurance industry means opportunity for you. Great American Insurance Group's member companies are subsidiaries of American Financial Group. We combine a ""small company"" culture where your ideas will be heard with ""big company"" expertise to help you succeed. With over 30 specialty and property and casualty operations, there are always opportunities here to learn and grow.


At Great American, we value diversity and recognize the benefits gained when people from different cultures, backgrounds and experiences work collaboratively to achieve business results. We are intentionally focused on fostering an inclusive culture and know valuing diversity is an essential leadership quality. Our goal is to create a workplace where all employees feel included, empowered and enabled to perform at their best.


The Great American Software Lab within P\\&C IT Services is seeking an XP Developer intern for the summer 2025\\.

**Job Description:**

* Portal and Surveyor products which help with our developer experience, code quality and technical debt.
* Tech stack: Java, Spring, Spring Boot, Full stack development.
* Ability to dive into a large polyglot codebase and contribute as you learn.
* Being okay with the uncomfortable feeling that comes from learning new things.
* Interest in exploring new programming paradigms, languages, and patterns.
* Demonstrable ability to research problems and break them into discrete parts.
* Have empathy with your pair and freely exchange feedback on a continual basis

**Qualifications:**

* Java and python experience required
* Computer Science or Engineering major
* Junior or Senior status \\- graduating in 2026 or 2027\\.

**Business Unit:**


Property \\& Casualty IT Services**Benefits:**

Compensation varies by role, position level, and location. Individual pay is influenced by skills, education, training, certifications, experience, and the role's scope and complexity, along with business needs.

  

We offer a competitive Total Rewards package, including medical, dental, and vision plans starting on day one, PTO, paid holidays, commuter benefits, an employee stock purchase plan, education reimbursement, paid parental leave/adoption assistance, and a 401(k) plan with company match. These benefits are available to eligible full\\-time and part\\-time employees.

  

Your recruiter can provide more details about our total rewards and specific compensation ranges during the hiring process.","","https://www.indeed.com/cmp/Great-American-Insurance-Group","https://d2q79iu7y748jz.cloudfront.net/s/_squarelogo/256x256/a7a7c6fa7ad81b176ab2cff5dfac37a8","http://www.greatamericaninsurance.com","Cincinnati, OH","5,001 to 10,000","$1B to $5B (USD)","Great American Insurance Group helps businesses secure a healthy financial future. Through our Property & Casualty Group, we insure specialty business from long-haul trucking companies to millions"
"in-2e7cc5590247991a","indeed","https://www.indeed.com/viewjob?jk=2e7cc5590247991a","https://generalmotors.wd5.myworkdayjobs.com/en-US/Careers_GM/job/Milford-Michigan-United-States-of-America/Software-Engineer---SW-Integration-Manager_JR-202424149","Software Engineer - SW Integration Manager","General Motors","Milford, MI, US","2024-11-25","fulltime","direct_data","yearly",124744.0,157954.0,"USD",False,"","","","Careers.Accommodations@GM.com","**Job Description**
-------------------

We are looking for ***Software Integration Managers (SWIM)*** to join our *Vehicle Mechatronics Embedded Controls (VMEC)* organization! The Software Integration Manager is a technical project leadership position where you will be responsible to plan, lead, and execute software content and timing for assigned software releases. In addition, you would lead the Software Execution Team Meeting (SWET) with key partners to ensure all requirements and tasks are met on\\-time with ""world's best"" quality. Lastly, you will exercise technical direction over internal (GM) and external (supplier) engineering support personnel.


* These responsibilities for the Senior SWIM role are focused on new or very active controllers with a significant increase in scope of applications compared with the SWIM role
* Lead the development of software content and timing for assigned releases on new or very active controllers
* Document the information in software delivery plan and communicate those plans to internal and external organizations
* Lead project specific software verification and validation plan and document the information in software Analysis, Development and Validation (ADV) plan. Acquire approval from appropriate leadership
* Provide direction and set priorities for software builds, testing, and validation
* Ensure the Controls Process of Engineering (C\\-PoE) tasks are completed per program timing
* Drive resolution of issues and obstacles and escalate as required
* Actively manage controller resources (e.g., memory and CPU utilization) at each software release; escalate and engage SMEs for resolution as required
* Foster \\& document best practices to ensure high quality work and reduce development lead time
* Train, develop, mentor, and evaluate technical capability of team members

**Additional Job Description**
------------------------------

**Qualifications:**

**Required**

* Bachelor's degree in one of the following: Mechanical Engineering, Electrical Engineering, Computer Science or equivalent
* 5\\+ years of experience in real\\-time embedded software system
* Demonstrated technical project lead or project management experience
* Direct hands\\-on experience in developing real\\-time controls software with programming (e.g., C/C\\+\\+/JAVA/Assembly) and scripting languages (e.g., Perl/Python)
* Understanding of operating systems (e.g., Unix, Linux, RTOS for embedded system) and instrumentation (e.g., INCA, in circuit emulators, dSpace)
* Familiarity with configuration management system (e.g., GiT) and build tools (e.g., Jenkins, Jira, eflow).
* Demonstrated drive for results and teamwork in project execution.
* Demonstrated analytical ability where problems are unusual and difficult.

**Preferred**

* Certification in Agile specific roles
* Familiarly with configuration management system and build tools
* Production experience in automotive control system specifically in propulsion, chassis and brakes
* Knowledge of vehicle electrical architectures and communication networks
* DFSS Black\\-Belt certification

**Hybrid:** This role is categorized as hybrid. This means the successful candidate is expected to report onsite at the Milford Proving Ground \\- Bldg 16 \\- Hybrid, Engrg, Brake Systems three times (Tue., Wed., Thurs.) per week, at minimum or other frequency dictated by the business.


\\#LI\\-SW1


**About GM**
------------

Our vision is a world with Zero Crashes, Zero Emissions and Zero Congestion and we embrace the responsibility to lead the change that will make our world better, safer and more equitable for all.


**Why Join Us**
---------------

We aspire to be the most inclusive company in the world. We believe we all must make a choice every day – individually and collectively – to drive meaningful change through our words, our deeds and our culture. Our Work Appropriately philosophy supports our foundation of inclusion and provides employees the flexibility to work where they can have the greatest impact on achieving our goals, dependent on role needs. Every day, we want every employee, no matter their background, ethnicity, preferences, or location, to feel they belong to one General Motors team.


**Benefits Overview**
---------------------

The goal of the General Motors total rewards program is to support the health and well\\-being of you and your family. Our comprehensive compensation plan incudes, the following benefits, in addition to many others:
  

* Paid time off including vacation days, holidays, and parental leave for mothers, fathers and adoptive parents;
* Healthcare (including a triple tax advantaged health savings account and wellness incentive), dental, vision and life insurance plans to cover you and your family;
* Company and matching contributions to 401K savings plan to help you save for retirement;
* Global recognition program for peers and leaders to recognize and be recognized for results and behaviors that reflect our company values;
* Tuition assistance and student loan refinancing;
* Discount on GM vehicles for you, your family and friends.
**Diversity Information**
-------------------------

General Motors is committed to being a workplace that is not only free of discrimination, but one that genuinely fosters inclusion and belonging. We strongly believe that workforce diversity creates an environment in which our employees can thrive and develop better products for our customers. We understand and embrace the variety through which people gain experiences whether through professional, personal, educational, or volunteer opportunities. GM is proud to be an equal opportunity employer.  



  

We encourage interested candidates to review the key responsibilities and qualifications and apply for any positions that match your skills and capabilities.


**Equal Employment Opportunity Statements**
-------------------------------------------

GM is an equal opportunity employer and complies with all applicable federal, state, and local fair employment practices laws. GM is committed to providing a work environment free from unlawful discrimination and advancing equal employment opportunities for all qualified individuals. As part of this commitment, all practices and decisions relating to terms and conditions of employment, including, but not limited to, recruiting, hiring, training, promotion, discipline, compensation, benefits, and termination of employment are made without regard to an indivi d ual's protected characteristics. For purposes of this policy, “protected characteristics"" include an individual's actual or perceived race, color, creed, religion, national origin, ancestry, citizenship status, age, sex or gender (including pregnancy, childbirth, lactation and related medical conditions), gender identity or gender expression, sexual orientation, weight, height, marital status, military service and veteran status, physical or mental disability, protected medical condition as defined by applicable state or local law, genetic information, or any other characteristic protected by applicable federal, state or local laws and ordinances. If you need a reasonable accommodation to assist with your job search or application for employment, email us at Careers.Accommodations@GM.com or call us at 800\\-865\\-7580\\. In your email, please include a description of the specific accommodation you are requesting as well as the job title and requisition number of the position for which you are applying.","","https://www.indeed.com/cmp/General-Motors","https://d2q79iu7y748jz.cloudfront.net/s/_squarelogo/256x256/d5421e080ecaaa6b8d3ddc76492bb44a","http://www.gm.com","Detroit, MI","10,000+","more than $10B (USD)","We see a future with Zero Crashes, Zero Emissions, Zero Congestion."
"in-b4eae4da550af37b","indeed","https://www.indeed.com/viewjob?jk=b4eae4da550af37b","https://generalmotors.wd5.myworkdayjobs.com/en-US/Careers_GM/job/Milford-Michigan-United-States-of-America/Senior-Software-Engineer---Sub-System-Lead_JR-202424296","Senior Software Engineer - Sub-System Lead","General Motors","Milford, MI, US","2024-11-25","fulltime","direct_data","yearly",118920.0,150579.0,"USD",False,"","","","Careers.Accommodations@GM.com","**Job Description**
-------------------

**Work Arrangement:**

**Hybrid:** This role is categorized as hybrid. This means the successful candidate is expected to report to Milford Proving Grounds three times per week, at minimum.


**The Role** :


A Transmission Sub\\-System Lead Engineer (SSLE) is an individual contributor with recognized expertise responsible for tasks and work throughout the entire vehicle development lifecycle including requirements definition, design and implementation, testing, and problem resolution. You will help develop algorithms and software for controlling automatic transmissions in future PHEV products. Agile, systems engineering, requirements and embedded controls development and calibration knowledge are a definite plus. The drive and tenacity to grow technically and professionally while working on some of General Motor’s most exciting features is a must.


**What You Will Do (Job Responsibilities):**

* Develop and define requirements for applicable sub\\-systems or ART Solutions.
* Develop algorithms and software for controlling automatic transmissions.
* Design, development and implementation of Physics and Controls requirements to continuously improve software for mechatronic controls and diagnostics strategies as well as controller communication.
* Root cause appliable sub\\-system related issues and translate solutions into new or revised requirements.
* Perform complex sub\\-system analysis to define functional controls, hardware and calibration requirements.
* Collaborate with Controls, Calibration, and Software Engineers to review software implementation ensuring compliance with requirements.
* Root cause all appliable sub\\-system related issues and translate solutions into new or revised requirements.
* Lead sub\\-system level FMEAs and collaborate on System and Component FMEAs
* Create and maintain Features, Stories, and/or Change Requests to manage requirements and specifications of sub\\-systems using change management tools (e.g., IBM Rational Team Concert, Jira, etc.)
* Provide leadership to Agile Scrum team members to deliver software solutions.
* Lead, coordinate and collaborate w/ other organizations such as Systems \\& Safety, Electrical Architecture, Software Defined Vehicle, Calibration and Vehicle Performance.

**Additional Job Description**
------------------------------

**Your Skills \\& Abilities (Required Qualifications)** :


* BS in Electrical Engineering, Mechanical Engineering, Computer Engineering, Computer Science or other applicable Engineering focuses.
* 5\\+ years Engineering experience with proven technical and professional skills in job\\-related area
* Knowledge of sub\\-system integration including design, implementation, and testing
* Proficient in C, C\\+\\+ programming, and GM Coding standards
* Strong analytical problem\\-solving skills, including independent judgment and decision\\-making skills, where problems are very unusual and extremely difficult.
* High level of integrity, ability to deal with ambiguity, take initiative/proactive.
* Demonstrated communication and interpersonal skills required to build relationships with team members and customers to solve problems and resolve issues.
* Ability to effectively communicate issues, status and recommendations to leadership.
* Demonstrated strong ability to mentor, train, and lead others.
* Ability to prioritize work with only limited direction from manager.
* Demonstrated honesty, integrity, and trust. Lead by example.

**What Will Give You A Competitive Edge (Preferred Qualifications)** **:**

* MS in Engineering, Electrical, Mechanical, Computer or Computer Science
* Skilled in C, C\\+\\+, Matlab, Simulink, Python scripting, ETAS, INCA, MDA and other software tools for either the development or testing of software.
* Experience related to specifying physics of dynamic electromechanical systems.
* Experience with Transmission calibration, software, and controls development
* Knowledge of Transmission hardware and control systems
* Experience with requirements management tools (e.g., Doors, Jama Connect, codebeamer, etc.)
* Experience with change management tools (e.g., IBM Rational Team Concert, Jira, etc.)
* Experience with safety critical systems

*This job is not eligible for relocation benefits. Any relocation costs would be the responsibility of the selected candidate.*

**About GM**
------------

Our vision is a world with Zero Crashes, Zero Emissions and Zero Congestion and we embrace the responsibility to lead the change that will make our world better, safer and more equitable for all.


**Why Join Us**
---------------

We aspire to be the most inclusive company in the world. We believe we all must make a choice every day – individually and collectively – to drive meaningful change through our words, our deeds and our culture. Our Work Appropriately philosophy supports our foundation of inclusion and provides employees the flexibility to work where they can have the greatest impact on achieving our goals, dependent on role needs. Every day, we want every employee, no matter their background, ethnicity, preferences, or location, to feel they belong to one General Motors team.


**Benefits Overview**
---------------------

The goal of the General Motors total rewards program is to support the health and well\\-being of you and your family. Our comprehensive compensation plan incudes, the following benefits, in addition to many others:
  

* Paid time off including vacation days, holidays, and parental leave for mothers, fathers and adoptive parents;
* Healthcare (including a triple tax advantaged health savings account and wellness incentive), dental, vision and life insurance plans to cover you and your family;
* Company and matching contributions to 401K savings plan to help you save for retirement;
* Global recognition program for peers and leaders to recognize and be recognized for results and behaviors that reflect our company values;
* Tuition assistance and student loan refinancing;
* Discount on GM vehicles for you, your family and friends.
**Diversity Information**
-------------------------

General Motors is committed to being a workplace that is not only free of discrimination, but one that genuinely fosters inclusion and belonging. We strongly believe that workforce diversity creates an environment in which our employees can thrive and develop better products for our customers. We understand and embrace the variety through which people gain experiences whether through professional, personal, educational, or volunteer opportunities. GM is proud to be an equal opportunity employer.  



  

We encourage interested candidates to review the key responsibilities and qualifications and apply for any positions that match your skills and capabilities.


**Equal Employment Opportunity Statements**
-------------------------------------------

GM is an equal opportunity employer and complies with all applicable federal, state, and local fair employment practices laws. GM is committed to providing a work environment free from unlawful discrimination and advancing equal employment opportunities for all qualified individuals. As part of this commitment, all practices and decisions relating to terms and conditions of employment, including, but not limited to, recruiting, hiring, training, promotion, discipline, compensation, benefits, and termination of employment are made without regard to an indivi d ual's protected characteristics. For purposes of this policy, “protected characteristics"" include an individual's actual or perceived race, color, creed, religion, national origin, ancestry, citizenship status, age, sex or gender (including pregnancy, childbirth, lactation and related medical conditions), gender identity or gender expression, sexual orientation, weight, height, marital status, military service and veteran status, physical or mental disability, protected medical condition as defined by applicable state or local law, genetic information, or any other characteristic protected by applicable federal, state or local laws and ordinances. If you need a reasonable accommodation to assist with your job search or application for employment, email us at Careers.Accommodations@GM.com or call us at 800\\-865\\-7580\\. In your email, please include a description of the specific accommodation you are requesting as well as the job title and requisition number of the position for which you are applying.","","https://www.indeed.com/cmp/General-Motors","https://d2q79iu7y748jz.cloudfront.net/s/_squarelogo/256x256/d5421e080ecaaa6b8d3ddc76492bb44a","http://www.gm.com","Detroit, MI","10,000+","more than $10B (USD)","We see a future with Zero Crashes, Zero Emissions, Zero Congestion."
"in-bf427ed1416ab7d1","indeed","https://www.indeed.com/viewjob?jk=bf427ed1416ab7d1","http://www.indeed.com/job/tech-leaddeveloper-bf427ed1416ab7d1","Tech Lead/Developer","Idencia, Inc.","Manchester, NH, US","2024-11-25","fulltime","direct_data","yearly",116036.0,126494.0,"USD",True,"","","","","**Job Title:**

Tech Lead – SaaS Platform

**Job Summary:**

We are seeking a highly skilled and experienced **Tech Lead** to guide the development and technical direction of our SaaS platform. As the Tech Lead, you will be responsible for overseeing the technical aspects of projects, mentoring team members, ensuring high\\-quality code, and delivering scalable and efficient solutions that meet the needs of our customers. This role combines hands\\-on development with leadership responsibilities to drive innovation and success.

**Key Responsibilities:Technical Leadership:**

* Define the technical framework and roadmap for the SaaS platform.
* Provide technical guidance to outsourced software engineers.
* Ensure alignment between technical decisions and business objectives.
* Ensure adherence to sprint plans and project schedules.

**Project Management:**

* Collaborate with product managers and stakeholders to translate business requirements into technical solutions.
* Lead sprint planning, task prioritization, and technical estimation for deliverables.
* Ensure projects are delivered on time and meet quality standards.

**Development and Code Quality:**

* Write and review clean, efficient, and maintainable code.
* Establish and enforce best practices for coding, testing, and deployment.
* Drive continuous improvement in software development processes.

**Team Collaboration:**

* Foster a culture of innovation, collaboration, and continuous learning.
* Support cross\\-functional teams, including DevOps, QA, and UX/UI design, to ensure seamless integration and functionality.
* Resolve technical challenges and remove roadblocks for the team.

**Scalability and Performance:**

* Oversee the design and implementation of scalable and secure software systems.
* Monitor and optimize system performance, reliability, and availability.
* Evaluate and integrate new technologies to enhance the platform.

**Required Skills and Qualifications:**

* **Education:** Bachelor’s degree in Computer Science, Engineering, or related field (or equivalent experience).
* **Experience:**
* 5\\+ years of software development experience, with at least 2 years in a leadership or Tech Lead role.
* Strong experience in SaaS product development, including cloud\\-native architecture and multi\\-tenant systems.
* **Technical Expertise:**
* Proficiency in modern programming languages (e.g., JavaScript/TypeScript, Python, Java, CSS, HTML or C\\#).
* Hands\\-on experience with frameworks such as React Native, MERN stack and DynamoDB.
* Knowledge of cloud platforms including AWS and Azure.
* Strong understanding of database systems (SQL and NoSQL) and API design including GraphQL.
* **Leadership Skills:**
* Excellent communication, problem\\-solving, and decision\\-making skills.
* Ability to inspire and motivate technical teams.
* Strong project management and organizational skills.

**Preferred Qualifications:**

* Experience in the construction or manufacturing SaaS domain.
* Knowledge of AI/ML, analytics tools, or IoT integrations.
* Certifications in cloud technologies or Agile practices.

**Why Join Us?**

* Opportunity to lead and shape the future of a cutting\\-edge SaaS platform.
* Collaborative and innovative work environment.
* Competitive compensation and benefits package.

Job Type: Full\\-time

Pay: $116,036\\.00 \\- $126,494\\.00 per year

Benefits:

* Flexible spending account
* Paid holidays
* Paid time off
* Professional development assistance

Compensation Package:

* Stock options
* Yearly pay

Schedule:

* Monday to Friday

Experience:

* Leadership: 2 years (Preferred)

Ability to Commute:

* Manchester, NH 03101 (Preferred)

Work Location: Hybrid remote in Manchester, NH 03101","","https://www.indeed.com/cmp/Idencia,-Inc.","","","","","",""
"in-7ea0d5df0ff9fe5a","indeed","https://www.indeed.com/viewjob?jk=7ea0d5df0ff9fe5a","http://www.indeed.com/job/php-developer-entry-level-7ea0d5df0ff9fe5a","PHP Developer - Entry level","Workpack","MI, US","2024-11-25","parttime, fulltime, contract","direct_data","yearly",44005.0,55721.0,"USD",True,"","","","","**Entry Level Programmer**   
Workpack Solutions, West Michigan  
We are looking for a part\\-time or full\\-time remote position.  
See if you are the right fit for this job…

* Your friends and family describe you as someone who is smart, motivated, and fun to be around.
* When you see words like PHP, MySQL, JavaScript, Apache, CSS, HTML you not only know what they mean but your also proficient in working with them.
* You like the idea of being self\\-directed and working in a small team that accomplishes big things in a fast\\-growing profitable company.
* Creating software tools sounds rewarding to you, especially if it makes the end user's job easier and helps them be a rock star at what they do.
* You are experienced enough to know that robust documentation, supporting end\\-user questions, researching and solving bugs are just part of the gig of agile development.
* You enjoy working remotely with business leaders (and your team) to creatively solve their problems and help their organization succeed.

If you answered YES, read on…

Workpack Solutions is looking for programmers, part\\-time or full\\-time positions, with at least Junior level experience who want to be part of a fast\\-growing software solutions company. Workpack is a Successful B2B company that provides ERP systems and custom software tools to companies that make folded cartons and boxes. We pride ourselves on having great relationships with our clients, and as a result most clients both sign on to multi\\-year contracts. Internally, we work as a team to map out the requirements, prioritize projects and then execute delivering cutting\\-edge software tools while keeping our customers supported with our core ERP system.

We are excited to bring on a new hire who is able to step right in on the day you start. We meet remotely daily with the programming team to mentor each other on projects requiring challenging code while staying true to our framework. Although this is an entry\\-level position, there is an opportunity to move quickly into advanced roles. Pay will increase with experience and knowledge. We are looking for someone that is willing to grow with our company and become a long\\-term member of our team. You'll be primarily working virtually and you will need to attend our monthly in\\-person meetings in West Michigan. Applicants need to live in the state of Michigan and must provide their own transportation to our meetings.

Qualifications:

* Experience working as a PHP MySQL application developer or LAMP.
* Up\\-to\\-date, in\\-depth knowledge of front\\-end web development (JavaScript, HTML, CSS, Responsive Design).
* Strong experience in object\\-oriented programming.
* Understanding of databases, software application development, implementation, maintenance, and support.
* Ideally experience working with teams in an Agile/scrum\\-based environment.

Responsibilities:

* Application development and modifications to our custom web\\-based ERP systems
* Make improvements to current code to run more efficiently or improve maintainability.
* Write reports that extract data into useful dashboards and exports
* Provide world\\-class support to users by troubleshooting and responding to help requests.
* Independently design, code, and implement customer\\-driven custom development projects.
* Create Documentation and videos to support code enhancements.
* Integrate with 3rd party systems and technologies
* Have the ability to install applications and services on various servers running at our customer locations.
* Meet deadlines, manage project expectations and keep team/leadership updated on the status of projects.

Must Have’s:

* A team player with high integrity that is committed to continuous improvement
* Motivated and disciplined work ethic. Accomplishs assignments quickly and accurately.
* A proven ability to quickly investigate, learn, and deliver technical solutions
* A passion for learning new things and master new development tools independently
* A customer\\-focused can\\-do attitude when developing new cutting\\-edge solutions
* An understanding of both manufacturing and technology
* Good organizational skills, attention to detail, and polished customer presence.
* Ability to work at a fast pace, prioritizing and meeting project deadlines
* Effective oral and written communication skills.
* Can work independently with minimal supervision and as part of a collaborative team

Job Types: Full\\-time, Part\\-time, Contract

Expected hours: 40 – 50 per week

Benefits:

* Employee assistance program
* Flexible schedule
* Paid time off
* Retirement plan

Compensation Package:

* Bonus opportunities

Schedule:

* Monday to Friday
* Overtime

Application Question(s):

* Please tell us about your experience programming in PHP? Tell us also about any MySQL, HTML or CSS experience. Any additional IT experience?
* Our programmers work virtually a good deal of the time, however, we do have ""in\\-office"" team meetings monthly that you would be required to provide your own transportation and attend. Do you have transportation and the ability to attend in\\-office team meetings located in West Michigan?
* Describe your experience with PHP
* When working remotely, will you have a dedicated office workspace that is secure, free of noise, and limits interruptions? Will that space also allow you to conduct online meetings in a professional manner without background noise from other sources, people, or pets?
* Applicants for this job must be located in the state of Michigan and have dependable transportation to the monthly in\\-person team meeting. Are you currently a Michigan resident?

Experience:

* PHP Programming: 1 year (Required)

Location:

* Michigan (Required)

Work Location: Remote","","https://www.indeed.com/cmp/Workpack-1","","","","","",""
"in-82623e255ec73b4f","indeed","https://www.indeed.com/viewjob?jk=82623e255ec73b4f","https://www.cognitocybergroup.com/jobs/network-engineer-front-end-expertise/","Network Engineer/Front End expertise","Cognito Cyber Groups","Tysons, VA, US","2024-11-25","","direct_data","yearly",109090.0,138132.0,"USD",False,"","","","","* (U) In\\-depth understanding of the entire web front\\-end interface process
* (U) Gathering and translating user needs into system requirements/specifications
* (U) Creating user interface wireframes, prototypes, and/or mockups
* (U) Experience with building database user interface and search capabilities
* (U) Building interactive dashboards


Additional Qualifications


Developer that knows how to develop in HTML/CSS, Javascript and its popular frameworks such as Angular, React, and/or Vue.


(U//FOUO) Client requires a System Engineer to provide SETA support to the creation of a prototype database with a focus on the front\\-end user interface. The engineer would be responsible for providing recommendations and support the creation and maintenance of method to display and retrieve data from the database. Duties would include designing wireframes and mock\\-ups and supporting the build of a user interface with scalability in mind.  

* (U) Collaborate with stakeholders across the organization to discuss the needs, design, functionality of a website and user interface
* (U) Support the build of data display and search capability utilizing web development best practices
* (U) Work with back\\-end database engineer to integrate user interface components and configure APIs
* (U) Help back\\-end data engineer with prototype build and troubleshooting
* (U) Perform search engine optimization","","https://www.indeed.com/cmp/Cognito-Cyber-Groups","","","","","",""
"in-8615a6ee9789181d","indeed","https://www.indeed.com/viewjob?jk=8615a6ee9789181d","https://www.cognitocybergroup.com/jobs/software-engineer-expert/","Software Engineer – Expert","Cognito Cyber Groups","Herndon, VA, US","2024-11-25","","direct_data","yearly",132213.0,167412.0,"USD",False,"","","","","Cognito Cyber Group is seeking a Full Stack primarily Front End, Software Developer to join our Data Analytics Team. This role will support applications development for a variety of tools and initiatives focused on streamlining operations, automating processes, and aligning customer solutions to the overarching digital architecture. The ideal candidate will help promote state\\-of\\-the\\-art IT solutions, collaborating with IT mission partners to share technology and lessons learned and ensure records management processes and requirements are included in the early design stages of IT solutions across the Intelligence Community. Additionally, this individual will work in concert with the customer technical interfaces to ensure future plans for technology are in line with the plans for the overall customer architecture.  

  

Mandatory Skills:  

Proficiency with front end application language frameworks \\- Angular 13\\+, Javascript Typescript, CSS,HTML, NodeJs, NPM  

Demonstrated experience with:  

Implementing graphical user interface (GUI) components in web applications using the Angular framework.  

Building reusable code and libraries for future use  

asynchronous programming paradigms  

Linux (Bash) shell scripting  

automated testing for front end applications (i.e. Jasmine, Selenium, Cypress)  

web\\-based platforms to perform searches or analytics on large data sets or  

ability to design, develop, test and implement new applications based on project requirements  

decomposing concepts to discrete development tasks and managing your work to a deadline  

ability to develop wireframes and storyboards to help stakeholders conceptualize a front end solution  

Optimizing front end applications for maximum speed and scalability  

Should be familiar with developing front end solutions with 508 compliance in mind


* BS/BA in Software Engineering, Science, Mathematics, or similar OR equivalent combination of education and experience to be 11\\- year equivalent on this program. (BS degree \\+ 8 years exp OR BS and Masters' Degree \\+ 3 certs \\+5 \\- years' experience)

  

Optional Skills:  

Demonstrated experience with:  

middle\\-tier application design and development using any framework \\- NodeJs, Java, Python  

development and deployment of applications in the Commercial Cloud Services (C2S) environment or an Amazon Web Services cloud environment  

data visualization tools (i.e. Tableau, Pandas, D3\\.js, ggplot, etc)  

open\\-source front end libraries that manipulate PDF documents such as PDF.js  

Proficiency in Python software development, especially web service development in Flask or Django","","https://www.indeed.com/cmp/Cognito-Cyber-Groups","","","","","",""
"in-23a6a1ff833fe416","indeed","https://www.indeed.com/viewjob?jk=23a6a1ff833fe416","http://www.indeed.com/job/asp-net-developer-23a6a1ff833fe416","ASP .NET developer","Bill Tyson’s Auto Repair","Remote, US","2024-11-25","contract","","hourly","","","USD",True,"","","","","We are seeking a programmer with accounting and or bookkeeping experience, including the use of QuickBooks. If you apply for this job, please in your very first sentence state that you have that experience. All others will be deleted.

\\`\\`\\`Duties\\`\\`\\`  
We are seeking a skilled and experienced ASP .NET Developer to join our team. As an ASP .NET Developer, you will be responsible for designing, coding, testing, and debugging software applications using the .NET framework. You will work closely with our development team to develop innovative solutions.

Responsibilities:  
\\- Design and develop software applications using the .NET framework  
\\- Collaborate with cross\\-functional teams to define, design, and ship new features  
\\- Participate in code reviews to ensure code quality and adherence to coding standards  
\\- Troubleshoot and debug issues in existing software applications  
\\- Perform unit testing and identify bugs and bottlenecks for improved performance  
\\- Maintain documentation of software applications

Qualifications:

 Experience in .NET MVC (4 or 5\\) or ASP .NET Web\\-Forms or Core, both is better  
 Good in using Azure Services, Azure SQL, and React JS  
 Good in understanding \\& implementing Telerik, Bootstrap, Less CSS  
 Very good in understanding \\& using Best Practices and Design Patterns  
 Well understanding of Web Services, WCF  
 Good in understanding \\& implementing stored procedure in Microsoft SQL  
Server (2000, 2005, 2008\\)  
 Work experience or knowledge of GIT, Jenkins CICD, JIRA/Confluence, SSIS,  
SSRS  
 Has experience with programming languages such as ReactJS, PowerBI,  
Javascript, Azure SQL

\\- Bachelor's degree in Computer Science or a related field  
\\- Strong knowledge of the SDLC (Software Development Life Cycle)  
\\- Proficiency in ASP.NET development using C\\#  
\\- Experience with database technologies such as SQL Server and SSIS  
\\- Familiarity with web technologies including HTML5, CSS, JavaScript, and XML  
\\- Experience with front\\-end frameworks such as React or Angular is a plus  
\\- Excellent problem\\-solving skills and attention to detail

Job Type: Contract

Pay: From $25\\.00 per hour

Expected hours: 20 – 40 per week

Work Location: Remote","","https://www.indeed.com/cmp/Bill-Tyson-S-Auto-Repair","","","","","",""
"in-af698f62319ddb00","indeed","https://www.indeed.com/viewjob?jk=af698f62319ddb00","https://BMI.applicantstack.com/x/detail/a2wnzfbmjwit/aadj","Sr. Manager, Software Development","Broadcast Music","Nashville, TN, US","2024-11-25","","direct_data","yearly",134465.0,170263.0,"USD",True,"","","","","**POSITION SUMMARY**  

 Assists with the design and implementation of all aspects of software application development at BMI with a specific focus on platform modernization, cloud native development, and back\\-end systems. Creates, leads, manages and mentors the teams responsible for application development at BMI in accordance with BMI’s Enterprise Application delivery strategy and Enterprise Architecture.  

  

**LOCATION**  

 Remote \\- (US)


**FUNCTIONS OF THE JOB**  

 Essential Functions: which may be representative but not all inclusive of those commonly associated with this position.


* Promotes and implements the initiatives of and technologies utilized by BMI.
* Manages projects, leads technical project teams and coordinates project activities with external teams.
* Analyzes and implements requirements from Product Management/Technical Product Manager to develop project plan, prepares project scope where needed and contributes to technical design or solutions.
* Facilitates installation and implementation tasks when necessary.
* Reviews project statistics and reports to improve on delivery, control project schedule and budget spend.
* Manages business impact and expectations of the project work.
* Manages multiple simultaneous projects and schedules.
* Other duties as assigned.
* Regular attendance.
* Support BMI core values and cultivate a culture of diversity and inclusion.


  

**POSITION QUALIFICATION REQUIREMENTS**  

**E****ducation:** Bachelor’s degree in Computer Science or equivalent experience preferred.  

**Experience:** Ten years of Enterprise Application development with significant project leadership responsibilities.  

 **SKILLS AND ABILITIES**  

 Which may be representative but not all inclusive of those commonly associated with this position.


* Proficiency with C\\# or Java.
* Proficiency in all aspects of Microsoft Office
* Ability to code in Java and C\\+\\+. C\\-Sharp experience preferred but not required.
* Highest level of confidentiality.
* Ability to establish a constructive and informative relationship with employees, management and vendors.
* Ability to read, analyze and interpret general business periodicals, professional journals and technical manuals.
* Ability to write reports, business correspondence and procedural manuals.
* Ability to effectively present information and respond to questions from groups of managers, clients, customers and the general public.
* Ability to anticipate and solve problems, collect data, establish facts and draw valid conclusions.


**SALARY RANGE**  

The specific base salary offered to a successful applicant will be based on individual qualifications, skills, experience, and education. The pay range is subject to change at any time based on various internal and external factors. The position may also be eligible for one or more performance\\-based bonuses. In addition to cash compensation, BMI offers a competitive portfolio of benefits to its employees, as described below.


**What We Give to You:**


* Health, dental, and vision insurance
* 401K with employer match
* Flexible spending accounts
* Paid vacation and paid sick/personal time
* 12 paid calendar holidays
* Paid volunteer time off
* Summer hours that offer more time for fun in the sun
* Company paid life insurance
* Up to 12 weeks paid parental leave
* Tuition assistance for qualified team members
* Commuter benefits (New York)
* Amazing and engaging culture
* Employee Resource Groups


**BROADCAST MUSIC, INC. IS AN EQUAL OPPORTUNITY EMPLOYER:** All applicants will receive equal opportunity for employment without regard of race, color, sex, religion, nationality, age, sexual orientation, gender identity and/or expression, veteran’s or marital status, disability, or any other cultural factor**.**


\\#LI\\-Hybrid","","https://www.indeed.com/cmp/Broadcast-Music-2","https://d2q79iu7y748jz.cloudfront.net/s/_squarelogo/256x256/294fa3574b9a30af24aa0d7160943cdd","https://www.bmi.com","New York, NY","501 to 1,000","Decline to state","BMI is the largest music rights organization in the U.S. and is still nurturing new talent and new music."
"in-75645a3b86a28ef1","indeed","https://www.indeed.com/viewjob?jk=75645a3b86a28ef1","https://ncr.wd1.myworkdayjobs.com/en-US/ext_us/job/ATLANTA-GA-USA/SW-Engineer-IV_R024112024","SW Engineer IV","NCR","Atlanta, GA, US","2024-11-25","fulltime","direct_data","yearly",105219.0,133231.0,"USD",False,"","","","","About NCR VOYIX
NCR VOYIX Corporation (NYSE: VYX) is a leading global provider of digital commerce solutions for the retail, restaurant and banking industries. NCR VOYIX is headquartered in Atlanta, Georgia, with approximately 16,000 employees in 35 countries across the globe. For nearly 140 years, we have been the global leader in consumer transaction technologies, turning everyday consumer interactions into meaningful moments. Today, NCR VOYIX transforms the stores, restaurants and digital banking experiences with cloud\\-based, platform\\-led SaaS and services capabilities.
Not only are we the leader in the market segments we serve and the technology we deliver, but we create exceptional consumer experiences in partnership with the world’s leading retailers, restaurants and financial institutions. We leverage our expertise, R\\&D capabilities and unique platform to help navigate, simplify and run our customers’ technology systems.
Our customers are at the center of everything we do. Our mission is to enable stores, restaurants and financial institutions to exceed their goals – from customer satisfaction to revenue growth, to operational excellence, to reduced costs and profit growth. Our solutions empower our customers to succeed in today’s competitive landscape.
Our unique perspective brings innovative, industry\\-leading tech to all the moving parts of business across industries. NCR VOYIX has earned the trust of businesses large and small — from the best\\-known brands around the world to your local favorite around the corner.
What makes us so awesome:
You will be working with a highly motivated and skilled team of developers to deliver world\\-class software solutions for the Petroleum and Convenience Store industry. Our products are highly reliable, scalable and configurable and we need more developers like you to help us deliver on our growing pipeline of R\\&D projects.
Position Summary \\& Key Areas of Responsibility
Summary
In these times, Convenience, Fuel, Retail (CFR) rely on technology as never before. We at NCRVoyix CFR, the leading provider of Convenience, Fuel, Retail Technology, are not resting on our laurels. We're hard at work extending the reach and capabilities of our CFR technology, ensuring that stores may engage with their customers in any manner they choose – increasingly, this means digital, mobile, contactless, curbside. CFR of the future? Not at NCRVoyix. We’re building it today.
Do you want to join a team that is committed to disrupting a major industry? If so, NCRVoyix CFR may be the opportunity for you. We’re looking to add depth to our NCR CFR team. As a senior member of the quality engineering team, you’ll be responsible for adding momentum to our efforts to modernize and evolve the industry’s most widely deployed systems. You’ll ensure our code is testable, through your upfront participation in design reviews and code walkthroughs. As an evangelist for engineering quality, you’ll be on point to ensure that the project team understands testing process and error documentation. You’ll be an advocate for the use of test automation tools and techniques. Working with software engineers, your test plans will ensure that our test cases cover the entire scope of user stories and defect resolution delivered in every sprint. We’re looking for someone who values the big picture but understands the importance of executing now. Because so many transactions are riding on the quality of our technology, you’ll bring a passion for ensuring that our customer experience is peerless.
Join us on the ground floor of The New NCRVoyix – a software and services innovator. We offer great opportunities and an attractive compensation package including bonus and the chance to work on a team of stellar people.
People describe you as:
Someone who believes that software development changes lives. You’re passionate about technology and see the world a little differently than your peers—everywhere you look, there’s possibility, opportunity, boundaries to push and challenges to solve.
Key Areas of Responsibility* Designs and implements new product features and implements modifications to existing product features to include technical documentation.
* Builds and executes unit tests for new or existing application code.
* Works with Customer Care team members to resolve problems with released software.
* Exhibits very high personal commitment to quality, software engineering best practices, and protection of sensitive consumer information.
* Attends daily scrum meetings, sprint planning, work estimates.
* Provides input into and release management decisions.
* Ability to drive issues to effective resolution and to find solutions to challenging, time\\-critical problems.
* Mentors team members and conducts code and test reviews.


Basic Qualifications:* Bachelor’s degree in a related area (Computer Engineering, Computer Science, Computer Information Services, Management Information Services) or equivalent industry experience.
* Strong knowledge of object\\-oriented programming concepts
* 7\\+ years of C\\+\\+ experience on Windows environment.
* Modern C\\+\\+ standard (C\\+\\+ 11 and above) experience
* 3\\+ years of python experience
* Should have experience in leading or managing team.
* Experience producing technical designs for software applications.
* Must exhibit good judgment in decision making.
* Must excel in verbal and written communications.
* Able to convey technical concepts to non\\-technical audiences.
* Able to troubleshoot complex systems including hardware and software systems.
* Test automation experience using Cucumber, Behave, Gherkin
* Have a Test First mindset
* Unit Testing Framework like Google Test, cppUnit etc.
* Networking, TCP/IP Socket level communications
* Experience in mentoring others on SW Engineering standards and emerging best practices
* Agile Development experience
* Strong debugging and troubleshooting skills
* Familiarity with the Atlassian tool suite (Jira, Confluence, etc.).


Good to have:* Java, .NET
* Preferred Retail experience, especially in the Convenience Store industry and Point of Sale systems
* Preferred working experience on Payment Processors and payment devices
* Cloud development experience
* Computer HW, Networking, TCP/IP Socket level communications experience
* High volume, high availability solutions
* PCI compliance, secure development, and data encryption techniques


The day\\-to\\-day:
As a C\\+\\+ Software Engineer you will be responsible for the design and development of software and automating BDD scenarios. You will interact daily with other team members to ensure that a quality product is delivered in a timely manner. You are expected to be able to own the solution to complex software problems/needs from design to delivery.
You will also:* Participate in an agile development team, implementing user stories with automated testing to verify acceptance criteria.
* Participate in the design, modify, implement, and document software application changes.
* Participate in analysis, design, testing, and review processes.
* Should be able to come up with effective effort estimation based on requirements.
* Write product specifications, designs, and technical manuals.
* Evaluate third\\-party products and specifications.
* Maintain responsibility of assigned tasks by using experience/knowledge of environment to make design/development decisions.
* Provide feedback to peer performance reviews.
* Educate others (technical and non\\-technical) on areas of expertise.
* Work under the supervision of an Engineering Manager.
* Provide development level support for assigned products and projects throughout the development lifecycle.
* Perform other job\\-related duties as assigned.


Offers of employment are conditional upon passage of screening criteria applicable to the job
EEO Statement
Integrated into our shared values is NCR Voyix’s commitment to diversity and equal employment opportunity. All qualified applicants will receive consideration for employment without regard to sex, age, race, color, creed, religion, national origin, disability, sexual orientation, gender identity, veteran status, military service, genetic information, or any other characteristic or conduct protected by law. NCR Voyix is committed to being a globally inclusive company where all people are treated fairly, recognized for their individuality, promoted based on performance and encouraged to strive to reach their full potential. We believe in understanding and respecting differences among all people. Every individual at NCR Voyix has an ongoing responsibility to respect and support a globally diverse environment.
Statement to Third Party Agencies  

To ALL recruitment agencies: NCR Voyix only accepts resumes from agencies on the preferred supplier list. Please do not forward resumes to our applicant tracking system, NCR Voyix employees, or any NCR Voyix facility. NCR Voyix is not responsible for any fees or charges associated with unsolicited resumes*“When applying for a job, please make sure to only open emails that you will receive during your application process that come from a* *@ncrvoyix.com email* *domain.”*","Industrial Manufacturing, Industrial Manufacturing","https://www.indeed.com/cmp/Ncr","https://d2q79iu7y748jz.cloudfront.net/s/_squarelogo/256x256/56b98a7b72a6a8fef2c05d3fdb5bd05e","http://www.ncr.com","864 Spring St NW
Atlanta, GA 30308
United States","10,000+","$5B to $10B (USD)","We are NCR, a global tech company—and we run the everyday transactions that make your life easier."
"in-5200dca42807c6e9","indeed","https://www.indeed.com/viewjob?jk=5200dca42807c6e9","http://www.indeed.com/job/senior-machine-learning-engineer-5200dca42807c6e9","Senior Machine Learning Engineer","Amazee Global Ventures Inc","Cincinnati, OH, US","2024-11-25","fulltime, contract","direct_data","hourly",55.0,60.0,"USD",False,"","","","","This is a **Contract W2** opportunity with Amazee Global Ventures Inc.  
The below job description is a **senior machine learning engineer**\\-level position.  
We welcome all suitable applicants for this **Contract W2** role.

Job Title: **Senior machine learning engineer**  
Job Type: Contract W2  
Job Mode: On site  
Location: **Cincinnati, OH**  
Duration: 12\\+ months (long\\-term possible)  
Pay Rate: $60/hr on **Contract W2**

Experience\\- **15\\+ years**

**Job Description**

**Qualifications:**

* **Education**: Bachelor’s degree in Mathematics, Statistics, Physics, Computer Science, or a related field (Master’s degree preferred).
* **Experience**: 15\\+ years in a Data Scientist or Statistician role.
* **Technical Skills**: Advanced proficiency in Python programming.
* **MLOps Expertise**: Skilled in applying MLOps practices on cloud platforms like Azure, AWS, or Google Cloud Platform; cloud certifications are a plus.
* **Leadership**: Proven experience guiding junior data scientists and managing complete data science projects from start to finish.
* **Data Management**: Expertise in relational databases (RDBMS) and Big Data platforms such as Snowflake.
* **Model Development**: Significant experience in developing and deploying statistical and machine learning models that drive business impact.
* **Version Control**: Skilled in version control with Git, as well as managing build and release pipelines.

**Responsibilities:**

* Lead end\\-to\\-end data science projects, ensuring successful implementation and meaningful business impact.
* Design, develop, and deploy statistical and machine learning models tailored to solve complex business problems.
* Mentor and support junior data scientists, fostering a collaborative environment and enhancing team expertise.
* Collaborate closely with cross\\-functional teams to align data science solutions with business goals and project requirements.
* Apply MLOps methodologies to streamline model deployment and monitoring on cloud platforms such as Azure, AWS, or Google Cloud Platform.
* Ensure data integrity and scalability in relational and Big Data environments, including Snowflake.
* Implement best practices in version control using Git and manage build and release pipelines for seamless integration.
* Communicate project updates, technical insights, and recommendations effectively to stakeholders and team members.
* Continuously research and incorporate the latest advancements in data science to drive innovation and improvement in solutions.

*EEO Policy Statement:*

**Amazee Global Ventures Inc. is an equal\\-opportunity employer. We will not discriminate and will follow all measures to ensure no discrimination in employment, recruitment, advertisements for employment, compensation, termination, upgrading, promotions, and other conditions of employment against any employee or job applicant based on race, color, gender, national origin, age, religion, creed, disability, veteran's status, sexual orientation, gender identity or gender expression. We are committed to providing an inclusive and welcoming environment for all staff members, clients, volunteers, subcontractors, vendors, and clients.**

Job Types: Full\\-time, Contract

Pay: $55\\.00 \\- $60\\.00 per hour

Work Location: On the road","","https://www.indeed.com/cmp/Amazee-Global-Ventures-Inc-2","","","","","",""
"in-e4de658ea6ea805b","indeed","https://www.indeed.com/viewjob?jk=e4de658ea6ea805b","https://jobs.cardinalhealth.com/search/jobdetails/azure-cloud-engineer-native-platforms/3dd74818-0ab6-4673-9568-960d4023b8d5?utm_source=indeed&utm_campaign=indeed_organic&utm_medium=organic_job_board","Azure Cloud Engineer, Native Platforms","Cardinal Health","OH, US","2024-11-25","","direct_data","yearly",93600.0,140000.0,"USD",False,"","","","","Headquartered in Dublin, Ohio, Cardinal Health, Inc. (NYSE: CAH) is a global, integrated healthcare services and products company connecting patients, providers, payers, pharmacists and manufacturers for integrated care coordination and better patient management. Backed by nearly 100 years of experience, with more than 50,000 employees in nearly 60 countries, Cardinal Health ranks among the top 20 on the Fortune 500\\.

***What Cloud Engineering contributes to Cardinal Health***  

Information Technology oversees the effective development, delivery, and operation of computing and information services. This function anticipates, plans, and delivers Information Technology solutions and strategies that enable operations and drive business value.

  

As an industry leader in enterprise cloud adoption, Cardinal Health is seeking a technology engineer to support and develop our maturing cloud infrastructure operating in IaaS and CaaS models. Our multi\\-cloud, multitenant environment is leveraged to run mission critical workloads at enterprise scale and is currently used by thousands of developers across hundreds of teams.  

  

***Qualifications***

* 2\\+ years administering a Microsoft Azure tenant preferred
* Knowledge of Azure Monitoring and Logging
* Knowledge of Azure Network Security Groups
* Ability to read / modify existing PowerShell scripts
* Ability to read / modify existing Terraform modules
* Experience with GCP / AWS is a plus
* Bachelor's degree in related field preferred , or equivalent work experience, preferred

***Responsibilities***

* Managing implementations of cloud services
* Responsible for integration with in\\-house applications and systems
* Coordinating with vendors and adhering to engineering best practices.
* Implement best practices to ensure the security and performance of the Azure environment.

 ***What is expected of you and others at this level***

* Ensure that the Microsoft Azure cloud environment is running smoothly by managing, monitoring, and maintaining Azure services and resources.
* Resolve technical issues to meet the organization's needs.
* Set up and maintain virtual machines, storage, and networking resources to support cloud\\-based applications.
* Set up and maintain Azure Kubernetes Service to support cloud\\-based workloads
* Monitor the cloud environment's performance to promote maximum uptime and minimal downtime.
* Ensure the security of the Azure environment by conducting regular security audits, staying updated on security threats, and educating users about security best practices.
* Support and roll out new Azure services.
* Assist with Azure cloud migration initiatives.
* Conduct all cloud configuration through Infrastructure as Code (IaC)

**Anticipated salary range:**$93,600 \\- $140,000

**Bonus eligible:**No

**Benefits:** Cardinal Health offers a wide variety of benefits and programs to support health and well\\-being.

* Medical, dental and vision coverage
* Paid time off plan
* Health savings account (HSA)
* 401k savings plan
* Access to wages before pay day with myFlexPay
* Flexible spending accounts (FSAs)
* Short\\- and long\\-term disability coverage
* Work\\-Life resources
* Paid parental leave
* Healthy lifestyle programs

**Application window anticipated to close:** 01/27/2025 \\*if interested in opportunity, please submit application as soon as possible.


The salary range listed is an estimate. Pay at Cardinal Health is determined by multiple factors including, but not limited to, a candidate’s geographical location, relevant education, experience and skills and an evaluation of internal pay equity.

*Candidates who are back\\-to\\-work, people with disabilities, without a college degree, and Veterans are encouraged to apply.*


*Cardinal Health supports an inclusive workplace that values diversity of thought, experience and background. We celebrate the power of our differences to create better solutions for our customers by ensuring employees can be their authentic selves each day. Cardinal Health is an Equal Opportunity/Affirmative Action employer. All qualified applicants will receive consideration for employment without regard to race, religion, color, national origin, ancestry, age, physical or mental disability, sex, sexual orientation, gender identity/expression, pregnancy, veteran status, marital status, creed, status with regard to public assistance, genetic status or any other status protected by federal, state or local law.*","","https://www.indeed.com/cmp/Cardinal-Health","https://d2q79iu7y748jz.cloudfront.net/s/_squarelogo/256x256/1440845f539ff237d5a92d56ab0f690e","https://www.cardinalhealth.com","Dublin, OH","10,000+","more than $10B (USD)","We are a team of approximately 46,500 mission-driven partners striving each day to advance healthcare and improve lives. We are Essential to care™. "
"in-43f4373b878582fb","indeed","https://www.indeed.com/viewjob?jk=43f4373b878582fb","https://jobs.cardinalhealth.com/search/jobdetails/azure-cloud-engineer-native-platforms/3dd74818-0ab6-4673-9568-960d4023b8d5?utm_source=indeed&utm_campaign=indeed_organic&utm_medium=organic_job_board","Azure Cloud Engineer, Native Platforms","Cardinal Health","Dublin, OH, US","2024-11-25","","direct_data","yearly",93600.0,140000.0,"USD",False,"","","","","Headquartered in Dublin, Ohio, Cardinal Health, Inc. (NYSE: CAH) is a global, integrated healthcare services and products company connecting patients, providers, payers, pharmacists and manufacturers for integrated care coordination and better patient management. Backed by nearly 100 years of experience, with more than 50,000 employees in nearly 60 countries, Cardinal Health ranks among the top 20 on the Fortune 500\\.

***What Cloud Engineering contributes to Cardinal Health***  

Information Technology oversees the effective development, delivery, and operation of computing and information services. This function anticipates, plans, and delivers Information Technology solutions and strategies that enable operations and drive business value.

  

As an industry leader in enterprise cloud adoption, Cardinal Health is seeking a technology engineer to support and develop our maturing cloud infrastructure operating in IaaS and CaaS models. Our multi\\-cloud, multitenant environment is leveraged to run mission critical workloads at enterprise scale and is currently used by thousands of developers across hundreds of teams.  

  

***Qualifications***

* 2\\+ years administering a Microsoft Azure tenant preferred
* Knowledge of Azure Monitoring and Logging
* Knowledge of Azure Network Security Groups
* Ability to read / modify existing PowerShell scripts
* Ability to read / modify existing Terraform modules
* Experience with GCP / AWS is a plus
* Bachelor's degree in related field preferred , or equivalent work experience, preferred

***Responsibilities***

* Managing implementations of cloud services
* Responsible for integration with in\\-house applications and systems
* Coordinating with vendors and adhering to engineering best practices.
* Implement best practices to ensure the security and performance of the Azure environment.

 ***What is expected of you and others at this level***

* Ensure that the Microsoft Azure cloud environment is running smoothly by managing, monitoring, and maintaining Azure services and resources.
* Resolve technical issues to meet the organization's needs.
* Set up and maintain virtual machines, storage, and networking resources to support cloud\\-based applications.
* Set up and maintain Azure Kubernetes Service to support cloud\\-based workloads
* Monitor the cloud environment's performance to promote maximum uptime and minimal downtime.
* Ensure the security of the Azure environment by conducting regular security audits, staying updated on security threats, and educating users about security best practices.
* Support and roll out new Azure services.
* Assist with Azure cloud migration initiatives.
* Conduct all cloud configuration through Infrastructure as Code (IaC)

**Anticipated salary range:**$93,600 \\- $140,000

**Bonus eligible:**No

**Benefits:** Cardinal Health offers a wide variety of benefits and programs to support health and well\\-being.

* Medical, dental and vision coverage
* Paid time off plan
* Health savings account (HSA)
* 401k savings plan
* Access to wages before pay day with myFlexPay
* Flexible spending accounts (FSAs)
* Short\\- and long\\-term disability coverage
* Work\\-Life resources
* Paid parental leave
* Healthy lifestyle programs

**Application window anticipated to close:** 01/27/2025 \\*if interested in opportunity, please submit application as soon as possible.


The salary range listed is an estimate. Pay at Cardinal Health is determined by multiple factors including, but not limited to, a candidate’s geographical location, relevant education, experience and skills and an evaluation of internal pay equity.

*Candidates who are back\\-to\\-work, people with disabilities, without a college degree, and Veterans are encouraged to apply.*


*Cardinal Health supports an inclusive workplace that values diversity of thought, experience and background. We celebrate the power of our differences to create better solutions for our customers by ensuring employees can be their authentic selves each day. Cardinal Health is an Equal Opportunity/Affirmative Action employer. All qualified applicants will receive consideration for employment without regard to race, religion, color, national origin, ancestry, age, physical or mental disability, sex, sexual orientation, gender identity/expression, pregnancy, veteran status, marital status, creed, status with regard to public assistance, genetic status or any other status protected by federal, state or local law.*","","https://www.indeed.com/cmp/Cardinal-Health","https://d2q79iu7y748jz.cloudfront.net/s/_squarelogo/256x256/1440845f539ff237d5a92d56ab0f690e","https://www.cardinalhealth.com","Dublin, OH","10,000+","more than $10B (USD)","We are a team of approximately 46,500 mission-driven partners striving each day to advance healthcare and improve lives. We are Essential to care™. "
"in-c754e1737851783f","indeed","https://www.indeed.com/viewjob?jk=c754e1737851783f","http://www.indeed.com/job/senior-machine-learning-engineer-c754e1737851783f","Senior Machine Learning Engineer","Amazee Global Ventures Inc","Columbia, SC, US","2024-11-25","fulltime, contract","direct_data","hourly",55.0,60.0,"USD",False,"","","","","This is a **Contract W2** opportunity with Amazee Global Ventures Inc.  
The below job description is a **senior machine learning engineer**\\-level position.  
We welcome all suitable applicants for this **Contract W2** role.

Job Title: **Senior machine learning engineer**  
Job Type: Contract W2  
Job Mode: On site  
Location: **Columbia, SC**  
Duration: 12\\+ months (long\\-term possible)  
Pay Rate: $60/hr on **Contract W2**

Experience\\- **15\\+ years**

**Job Description**

**Qualifications:**

* **Education**: Bachelor’s degree in Mathematics, Statistics, Physics, Computer Science, or a related field (Master’s degree preferred).
* **Experience**: 15\\+ years in a Data Scientist or Statistician role.
* **Technical Skills**: Advanced proficiency in Python programming.
* **MLOps Expertise**: Skilled in applying MLOps practices on cloud platforms like Azure, AWS, or Google Cloud Platform; cloud certifications are a plus.
* **Leadership**: Proven experience guiding junior data scientists and managing complete data science projects from start to finish.
* **Data Management**: Expertise in relational databases (RDBMS) and Big Data platforms such as Snowflake.
* **Model Development**: Significant experience in developing and deploying statistical and machine learning models that drive business impact.
* **Version Control**: Skilled in version control with Git, as well as managing build and release pipelines.

**Responsibilities:**

* Lead end\\-to\\-end data science projects, ensuring successful implementation and meaningful business impact.
* Design, develop, and deploy statistical and machine learning models tailored to solve complex business problems.
* Mentor and support junior data scientists, fostering a collaborative environment and enhancing team expertise.
* Collaborate closely with cross\\-functional teams to align data science solutions with business goals and project requirements.
* Apply MLOps methodologies to streamline model deployment and monitoring on cloud platforms such as Azure, AWS, or Google Cloud Platform.
* Ensure data integrity and scalability in relational and Big Data environments, including Snowflake.
* Implement best practices in version control using Git and manage build and release pipelines for seamless integration.
* Communicate project updates, technical insights, and recommendations effectively to stakeholders and team members.
* Continuously research and incorporate the latest advancements in data science to drive innovation and improvement in solutions.

*EEO Policy Statement:*

**Amazee Global Ventures Inc. is an equal\\-opportunity employer. We will not discriminate and will follow all measures to ensure no discrimination in employment, recruitment, advertisements for employment, compensation, termination, upgrading, promotions, and other conditions of employment against any employee or job applicant based on race, color, gender, national origin, age, religion, creed, disability, veteran's status, sexual orientation, gender identity or gender expression. We are committed to providing an inclusive and welcoming environment for all staff members, clients, volunteers, subcontractors, vendors, and clients.**

Job Types: Full\\-time, Contract

Pay: $55\\.00 \\- $60\\.00 per hour

Work Location: On the road","","https://www.indeed.com/cmp/Amazee-Global-Ventures-Inc-2","","","","","",""
"in-4056211c89e6a46f","indeed","https://www.indeed.com/viewjob?jk=4056211c89e6a46f","http://www.indeed.com/job/full-stack-developer-4056211c89e6a46f","Full Stack Developer","Virnika","Raleigh, NC, US","2024-11-25","fulltime","direct_data","yearly",100000.0,140000.0,"USD",True,"","","","","**Company:** Virnika AI

**Position:** Full Stack Founding Engineer (Sr. Eng)

**Location:** Remote \\- North Carolina

**Start Date:** ASAP

**Company Overview**

Virnika is an early\\-stage startup building an AI agent platform designed to transform restaurant operations. Founded by industry veterans with deep knowledge of restaurant technology, we are passionate about solving the unique challenges faced by this sector. We’ve already achieved key milestones: raising capital from the Tweener Fund and Primordial, and securing the NC Idea Seed Grant. With our MVP in the field and plans to raise a seed round in Q1, we’re growing fast and looking for someone who can help us accelerate. As a small team of three, your contributions will be pivotal in shaping our direction and driving our success.

**Role Overview and Impact**We’re looking for a talented engineer to help turn our prototypes and MVPs into scalable, production\\-ready tools that can support our first $10M in revenue—without needing extensive oversight. Our CTO, Logan, holds a Ph.D. in AI and brings deep technical expertise, but we need your skills to elevate our systems to the next level.

In this role, you’ll:

* Shape and implement technical architecture, bringing your ideas to life.
* Build mission\\-critical systems that enable our AI agents to excel in restaurant operations.
* Operate with autonomy in a no\\-micromanagement environment.

Whether you aspire to lead and mentor others as the team grows or prefer to focus on building exceptional systems, we’ll support your career ambitions. If you’re extraordinary at engineering and want to stay hands\\-on, we celebrate that too.

**Core Responsibilities**

* Architect and develop low\\-latency AI systems and data pipelines
* Build robust cloud infrastructure and full\\-stack applications
* Create and maintain integrations with restaurant POS systems
* Lead development of internal tools and customer\\-facing products
* Guide technical strategy and mentor future team members

**Must Have**

* 5\\+ years building production software systems
* Expert\\-level JavaScript/TypeScript development
* Production experience with modern frontend frameworks (React, Next.js)
* Strong cloud infrastructure and deployment skills
* Problem\\-solving mindset and ability to learn quickly

**Nice to Have**

* Experience with LLMs in production environments
* Restaurant tech background (POS, ordering systems)
* Real\\-time systems and WebSocket expertise
* Early\\-stage startup experience
* CI/CD pipeline development

**Tech Stack**

* Frontend: Next.js
* Backend: JavaScript
* Database: Supabase
* Infrastructure: Render.io

**Key Projects**

* Rebuild phone agent service for improved reliability
* Scale admin dashboards from prototype to production
* Develop a universal POS integration framework
* Create developer tooling for system management

**Location** Remote (North Carolina\\-based candidates only)

Job Type: Full\\-time

Pay: $100,000\\.00 \\- $140,000\\.00 per year

Location:

* Raleigh, NC (Required)

Work Location: Remote","","https://www.indeed.com/cmp/Virnika-1","","","","","",""
"in-3dffeb40beb75c2f","indeed","https://www.indeed.com/viewjob?jk=3dffeb40beb75c2f","http://www.indeed.com/job/software-development-engineer-test-sdet-w2-3dffeb40beb75c2f","Software Development Engineer in Test (SDET)-W2","Kobe Solutions LLC","Atlanta, GA, US","2024-11-25","contract","direct_data","hourly",40.0,50.0,"USD",False,"","","","","**Project Scope:**

Seeks a Senior SDET who will be a crucial part of our software team. The selected candidate will have to write scalable, robust, and easy\\-to\\-maintain code, and will be required to translate software requirements into high\\-performance products. You will also be actively involved in researching new technologies/tools that can be incorporated to improve the current system

**Roles and Responsibilities:**

* 6\\+ years of Java Test Development, creating and driving Automation Test Strategy.
* Experience in Test and Behavior Driven Development (TDD and BDD), Jbehave/Cucumber frameworks
* Strong Java development skill, Eclipse IDE, Spring, Junit

**Required skills:**

* 6\\+ years of Java Test Development, creating and driving Automation Test Strategy.
* Experience in Test and Behavior Driven Development (TDD and BDD), Jbehave/Cucumber frameworks

Job Type: Contract

Pay: $40\\.00 \\- $50\\.00 per hour

Schedule:

* 8 hour shift
* Day shift
* Monday to Friday

Experience:

* Test automation: 1 year (Preferred)

Work Location: In person","","https://www.indeed.com/cmp/Kobe-Solutions-LLC-2","","","","","",""
"in-92a5c53ff881e1ea","indeed","https://www.indeed.com/viewjob?jk=92a5c53ff881e1ea","http://www.indeed.com/job/management-position-full-stack-developer-custom-developed-dris-ecommerce-platform-92a5c53ff881e1ea","Management Position - Full Stack Developer for Custom Developed DRIS eCommerce Platform","Dive Right In Scuba","Plainfield, IL, US","2024-11-25","parttime, fulltime","direct_data","yearly",40000.0,60000.0,"USD",True,"","","","info@diverightinscuba.com","Are you an experienced Full Stack Developer with over 10 years of expertise in DRIS eCommerce development and team leadership? Dive right in scuba, is seeking a highly skilled and dedicated **Full Stack Developer** for a management role to drive the future of our proprietary DRIS platform.

**Position: Full Stack Developer \\- Management Level**

**Location:** In Office, 24222 W. Lockport St. Plainfield, IL 60544**Company:** Dive Right In Scuba

**Key Responsibilities:**

* Lead the ongoing development, optimization, and growth of the DRIS's custom eCommerce platform.
* Maintain and Develop external connections of the DRIS platform with third party software.
* Manage and maintain Servers and Network, remote and local ones.
* Manage and mentor a team of at least 9 team mates, fostering a collaborative, high\\-performance environment.
* Ensure the platform’s security, scalability, and functionality align with our business objectives.
* Work closely with cross\\-functional teams to drive innovation and address client needs.

**Requirements:**

* **10\\+ years** of full stack development experience in DRIS eCommerce platform.
* Proficiency in front\\-end and back\\-end technologies relevant to DRIS eCommerce, including PHP, SQL, JavaScript, and AWS.
* Proficiency in BareBone Linux Server Management including nGinx, MariaDB, OpenSearch, Varnish, REDIS.
* Proficiency in Network management especially in Server Network Balancing and Payload distribution, but also local network management.
* Knowledgeable about DRIS platform security, API integration, and server management.
* Knowledgeable about EVE integration and Local Server and Clients management.
* Proven experience in managing a team of 9\\+ developers, including setting project goals, mentoring, and performance management.
* Proficient in Jira, Asana, DRIS Management console.
* Proven record of leadership position for more than 10 years.
* Fluent in English, Macedonian, Serbian, and Bulgarian, speaking, reading, and writing.
* Certified diver, we are all a team of certified divers.

**What We Offer:**

* Competitive salary and benefits package
* A collaborative work culture with a focus on professional development and team success

If you’re ready to take on a challenging, impactful role with a thriving team, please apply by sending your resume and cover letter to info@diverightinscuba.com

Join Dive RIght In Scuba and help us shape the future of our eCommerce!

Job Types: Full\\-time, Part\\-time

Pay: $40,000\\.00 \\- $60,000\\.00 per year

Expected hours: 40 per week

Benefits:

* 401(k)
* Dental insurance
* Health insurance

Compensation Package:

* Hourly pay
* Performance bonus
* Yearly bonus

Schedule:

* 8 hour shift
* Evening shift

Experience:

* DRIS eCommerce Platform: 10 years (Required)
* Java: 8 years (Required)

Ability to Commute:

* Plainfield, IL 60544 (Required)

Ability to Relocate:

* Plainfield, IL 60544: Relocate before starting work (Required)

Work Location: In person","","https://www.indeed.com/cmp/Dive-Right-in-Scuba-2","","","","","",""
"in-a413c81064f95592","indeed","https://www.indeed.com/viewjob?jk=a413c81064f95592","https://jobs.intel.com/job/-/-/599/73384743040","CPU Physical Design Automation Engineer","Intel Corporation","Austin, TX, US","2024-11-22","fulltime","direct_data","yearly",91500.0,137436.0,"USD",False,"","","","","**Job Description**
-------------------

 **Do Something Wonderful!**


Intel put the Silicon in Silicon Valley. No one else is this obsessed with engineering a brighter future. Every day, we create world changing technology that enriches the lives of every person on earth. So, if you have a big idea, let's do something wonderful together. Join us, because at Intel, we are building a better tomorrow.

 **Who We Are**


Intel has a vision to create and extend computing technology to connect and enrich the lives of every person. The Core CPU is a key part of the vision with a team that is powered by some of the brightest and most innovative minds in the industry. We are designing future generations of high\\-performance Core CPUs using the most advanced and innovative process technologies. These high performance/low power CPU designs help power the latest generation of Intel laptops and desktops, 5G base stations, micro\\-servers and other Artificial Intelligence and Machine Learning devices. If you are looking to grow and develop your skillsets while be surrounded by highly motivated and knowledgeable teammates, then this is the organization for you.

**Who You Are**


You will be a member of the Atom CPU Design Automation team located in Austin TX. You will be responsible for the:

* Helping to develop new tools and flows including a flow control manager which is responsible for running physical collateral through the necessary stages for backend integration.
* Use ML and other techniques to analyze the content of the BE databases for better storage and faster access.
* Analysis of the compute and memory usage for the aggregate jobs of the BE flows with the goal of more efficient and effective compute use.
* Provide and support indicators that quickly measure compute, memory and disk resources for efficiencies and sends alerts when key resources are highly utilized.
* Enablement of the back end (BE) database and flows for Atom CPU physical design collateral. Includes the setup and support of the user environment for the BE tools and flows.
* You will work closely with the BE design engineers as well as engineering compute (EC) for enablement and support of the BE environment.

**Qualifications**
------------------

  

Minimum qualifications are required to be initially considered for this position. Preferred qualifications are in addition to the minimum requirements and are considered a plus factor in identifying top candidates. Requirements listed would be obtained through a combination of industry relevant job experience, internship experiences and or schoolwork/classes/research.  

  

**Minimum Qualifications**

* Bachelor's Degree in Software Engineering or Computer Science \\+1 year related experience OR Master's Degree in Software Engineering or Computer Science
* Knowledge with Data structures and Algorithms
* Programming and scripting skills (e.g. C/C\\+\\+, Perl/Tcl, Python, shell scripting, Linux/Unix, etc)

 **Preferred Qualifications**

* Prior experience related to design automation tools
* Knowledge of VLSI physical and logical design as well as VLSI Design Automation tools

**Inside this Business Group**
------------------------------

  

The Client Computing Group (CCG) is responsible for driving business strategy and product development for Intel's PC products and platforms, spanning form factors such as notebooks, desktops, 2 in 1s, all in ones. Working with our partners across the industry, we intend to deliver purposeful computing experiences that unlock people's potential \\- allowing each person use our products to focus, create and connect in ways that matter most to them. As the largest business unit at Intel, CCG is investing more heavily in the PC, ramping its capabilities even more aggressively, and designing the PC experience even more deliberately, including delivering a predictable cadence of leadership products. As a result, we are able to fuel innovation across Intel, providing an important source of IP and scale, as well as help the company deliver on its purpose of enriching the lives of every person on earth.  

**Other Locations**
-------------------

  

US, Hillsboro  

**Posting Statement**
---------------------

  

All qualified applicants will receive consideration for employment without regard to race, color, religion, religious creed, sex, national origin, ancestry, age, physical or mental disability, medical condition, genetic information, military and veteran status, marital status, pregnancy, gender, gender expression, gender identity, sexual orientation, or any other characteristic protected by local law, regulation, or ordinance.  

**Benefits**
------------

  

We offer a total compensation package that ranks among the best in the industry. It consists of competitive pay, stock, bonuses, as well as, benefit programs which include health, retirement, and vacation. Find more information about all of our Amazing Benefits here.  

  

Annual Salary Range for jobs which could be performed in the US $91,500\\.00\\-$137,436\\.00  

* Salary range dependent on a number of factors including location and experience

**Working Model**
-----------------

  

This role will be eligible for our hybrid work model which allows employees to split their time between working on\\-site at their assigned Intel site and off\\-site. **\\* Job posting details (such as work model, location or time type) are subject to change...**","","https://www.indeed.com/cmp/Intel-Corporation","https://d2q79iu7y748jz.cloudfront.net/s/_squarelogo/256x256/a458bf4fc3f3de2f1a11c8236832b909","https://jobs.intel.com/","Santa Clara, CA","10,000+","more than $10B (USD)","Intel put the Silicon in Silicon Valley, and today our technology remains at the core of the most exciting, life-changing innovations on the planet."
"in-908b08a0d42ab075","indeed","https://www.indeed.com/viewjob?jk=908b08a0d42ab075","https://the-dyrt.breezy.hr/p/514906d56bd9-web-optimization-engineer?source=indeed","Web Optimization Engineer","The Dyrt","Remote, US","2024-11-01","fulltime","direct_data","yearly",91695.0,116107.0,"USD",True,"","","","","The Dyrt is the largest digital camping platform in the world, and the number 1 ranked camping app on both iOS and Android. Every second, a new user visits The Dyrt to access our community\\-driven campground information. With more than 1 million user\\-submitted campgrounds, reviews, and tips — more than anyone else on the Internet — The Dyrt makes it easier to find campgrounds for the 80\\+ million people who camp across the United States.


If you love the outdoors and want to be part of a fast\\-growing consumer app, you're in the right place.


**The Role**


We are seeking a Web Optimization Engineer to drive The Dyrt's online growth through advanced technical SEO strategies and performance optimization. In this role, you'll focus on improving site structure, search visibility, and user experience while proactively identifying and resolving SEO challenges. Collaborating closely with our development team, you'll work to enhance site performance and deliver a seamless experience across desktop and mobile platforms.


**Responsibilities**


* Lead the strategy and implementation of core web vital improvements (LCP, INP, CLS)
* Lead the strategy and implementation of SEO page content improvements


**Experience and Requirements**


* Strong understanding of SEO from a “Technical SEO” perspective, for example:
	+ Page structure and composition (tags, noindex, nofollow, canonical, etc)
	+ Internal linking
	+ Sitemaps
	+ Robots.txt
	+ Indexing, crawling
	+ Search visibility
* Troubleshoot and prevent SEO issues using industry standard tools such as: Google Search Console, Browser DevTools, etc
* Automated testing/monitoring of SEO performance/properties
* Experience w/ geo\\-based SEO page hierarchies
* Structured Data Markup (Schema.org / “Schema Markup” / JSON\\-LD)
* NextJS experience (nice to have)
* ReactJS optimization experience
	+ Component rendering performance
	+ Server\\-side rendering (SSR)
	+ Lazy loading / Codesplitting / Bundling / Tree\\-shaking
* Optimize for Core Web Vitals and Lighthouse
* CDN experience
* Responsive layouts on desktop/mobile","","https://www.indeed.com/cmp/The-Dyrt","","https://www.thedyrt.com","Portland","2 to 10","less than $1M (USD)",""
